year,match_no,round,date_local,kickoff_local,venue_stadium,venue_city,home_team,away_team,home_score,away_score,went_to_extra_time,attendance,yellow_cards,red_cards,fouls,source_url,goals,substitutions,injuries_or_cooling
2014,1.0,Group A,2014-06-12,17:00,Arena Corinthians (Arena de São Paulo),São Paulo,Brazil,Croatia,3,1,False,62103,3,0,,https://en.wikipedia.org/wiki/2014_FIFA_World_Cup_Group_A,4,,None documented
2014,2.0,Group A,2014-06-13,13:00,Arena das Dunas,Natal,Mexico,Cameroon,1,0,False,39216,2,0,,https://en.wikipedia.org/wiki/2014_FIFA_World_Cup_Group_A,1,,None documented (Manaus was a hot venue but no break recorded)
2014,3.0,Group B,2014-06-13,16:00,Arena Fonte Nova (Itaipava Arena Fonte Nova),Salvador,Spain,Netherlands,1,5,False,48173,4,0,,https://en.wikipedia.org/wiki/2014_FIFA_World_Cup_Group_B,6,,None documented
2014,4.0,Group B,2014-06-13,18:00,Arena Pantanal,Cuiabá,Chile,Australia,3,1,False,40275,3,0,,https://en.wikipedia.org/wiki/2014_FIFA_World_Cup_Group_B,4,,None documented (played in Cuiaba)
2014,5.0,Group C,2014-06-14,13:00,Estádio Mineirão,Belo Horizonte,Colombia,Greece,3,0,False,57174,2,0,,https://en.wikipedia.org/wiki/2014_FIFA_World_Cup_Group_C,3,,None documented (played in Belo Horizonte)
2014,6.0,Group D,2014-06-14,16:00,Estádio Castelão,Fortaleza,Uruguay,Costa Rica,1,3,False,58679,3,1,,https://en.wikipedia.org/wiki/2014_FIFA_World_Cup_Group_D,4,,"None documented; straight red Maximiliano Pereira (Uruguay, 90+3')"
2014,7.0,Group D,2014-06-14,18:00,Arena da Amazônia,Manaus,England,Italy,1,2,False,39800,1,0,,https://en.wikipedia.org/wiki/2014_FIFA_World_Cup_Group_D,3,,Played in hot/humid Manaus (evening); no cooling break recorded. Match report notes an England physio dislocated an ankle during a goal celebration
2014,8.0,Group C,2014-06-14,22:00,Arena Pernambuco (Itaipava Arena Pernambuco),Recife,Ivory Coast,Japan,2,1,False,40267,4,0,,https://en.wikipedia.org/wiki/2014_FIFA_World_Cup_Group_C,3,,"None documented (evening match in hot, humid Recife)"
2014,9.0,Group E,2014-06-15,13:00,Estádio Nacional Mané Garrincha,Brasília,Switzerland,Ecuador,2,1,False,68351,2,0,,https://en.wikipedia.org/wiki/2014_FIFA_World_Cup_Group_E,3,,None documented (played in Brasilia)
2014,10.0,Group E,2014-06-15,16:00,Estádio Beira-Rio,Porto Alegre,France,Honduras,3,0,False,43012,6,1,,https://en.wikipedia.org/wiki/2014_FIFA_World_Cup_Group_E,3,,"Played in hot/humid Porto Alegre; red card Wilson Palacios (Honduras, 43', two yellows). First World Cup goal awarded by goal-line technology"
2014,11.0,Group F,2014-06-15,19:00,Estádio do Maracanã,Rio de Janeiro,Argentina,Bosnia and Herzegovina,2,1,False,74738,2,0,,https://en.wikipedia.org/wiki/2014_FIFA_World_Cup_Group_F,3,,"None documented (played at Maracana, Rio)"
2014,12.0,Group G,2014-06-16,13:00,Arena Fonte Nova (Itaipava Arena Fonte Nova),Salvador,Germany,Portugal,4,0,False,51081,1,1,,https://en.wikipedia.org/wiki/2014_FIFA_World_Cup_Group_G,4,,"Played in hot Salvador (afternoon); straight red Pepe (Portugal, 37', headbutt on Mueller)"
2014,13.0,Group F,2014-06-16,16:00,Arena da Baixada (Estádio Joaquim Américo Guimarães),Curitiba,Iran,Nigeria,0,0,False,39081,1,0,,https://en.wikipedia.org/wiki/2014_FIFA_World_Cup_Group_F,0,,None documented (played in Curitiba)
2014,14.0,Group G,2014-06-16,19:00,Arena das Dunas,Natal,Ghana,United States,1,2,False,39760,2,0,,https://en.wikipedia.org/wiki/2014_FIFA_World_Cup_Group_G,3,,None documented (played in Natal)
2014,15.0,Group H,2014-06-17,13:00,Estádio Mineirão,Belo Horizonte,Belgium,Algeria,2,1,False,56800,2,0,,https://en.wikipedia.org/wiki/2014_FIFA_World_Cup_Group_H,3,,None documented (played in Belo Horizonte)
2014,16.0,Group A,2014-06-17,16:00,Estádio Castelão,Fortaleza,Brazil,Mexico,0,0,False,60342,3,0,,https://en.wikipedia.org/wiki/2014_FIFA_World_Cup_Group_A,0,,None documented
2014,17.0,Group H,2014-06-17,18:00,Arena Pantanal,Cuiabá,Russia,South Korea,1,1,False,37603,3,0,,https://en.wikipedia.org/wiki/2014_FIFA_World_Cup_Group_H,2,,None documented (played in Cuiaba)
2014,18.0,Group B,2014-06-18,13:00,Estádio Beira-Rio,Porto Alegre,Australia,Netherlands,2,3,False,42877,4,0,,https://en.wikipedia.org/wiki/2014_FIFA_World_Cup_Group_B,5,,None documented (played in Porto Alegre)
2014,19.0,Group B,2014-06-18,16:00,Estádio do Maracanã,Rio de Janeiro,Spain,Chile,0,2,False,74101,4,0,,https://en.wikipedia.org/wiki/2014_FIFA_World_Cup_Group_B,2,,None documented
2014,20.0,Group A,2014-06-18,18:00,Arena da Amazônia,Manaus,Cameroon,Croatia,0,4,False,39982,1,1,,https://en.wikipedia.org/wiki/2014_FIFA_World_Cup_Group_A,4,,"None documented; red card Alex Song (Cameroon, 40')"
2014,21.0,Group C,2014-06-19,13:00,Estádio Nacional Mané Garrincha,Brasília,Colombia,Ivory Coast,2,1,False,68748,2,0,,https://en.wikipedia.org/wiki/2014_FIFA_World_Cup_Group_C,3,,None documented (played in Brasilia)
2014,22.0,Group D,2014-06-19,16:00,Arena Corinthians (Arena de São Paulo),São Paulo,Uruguay,England,2,1,False,62575,2,0,,https://en.wikipedia.org/wiki/2014_FIFA_World_Cup_Group_D,3,,None documented (played in Sao Paulo)
2014,23.0,Group C,2014-06-19,19:00,Arena das Dunas,Natal,Japan,Greece,0,0,False,39485,4,1,,https://en.wikipedia.org/wiki/2014_FIFA_World_Cup_Group_C,0,,"None documented; red card Konstantinos Katsouranis (Greece, 38', two yellows)"
2014,24.0,Group D,2014-06-20,13:00,Arena Pernambuco (Itaipava Arena Pernambuco),Recife,Italy,Costa Rica,0,1,False,40285,2,0,,https://en.wikipedia.org/wiki/2014_FIFA_World_Cup_Group_D,1,,"None documented (played in hot, humid Recife, afternoon)"
2014,25.0,Group E,2014-06-20,16:00,Arena Fonte Nova (Itaipava Arena Fonte Nova),Salvador,Switzerland,France,2,5,False,51003,1,0,,https://en.wikipedia.org/wiki/2014_FIFA_World_Cup_Group_E,7,,None documented (played in Salvador)
2014,26.0,Group E,2014-06-20,19:00,Arena da Baixada (Estádio Joaquim Américo Guimarães),Curitiba,Honduras,Ecuador,1,2,False,39224,3,0,,https://en.wikipedia.org/wiki/2014_FIFA_World_Cup_Group_E,3,,None documented (played in Curitiba)
2014,27.0,Group F,2014-06-21,13:00,Estádio Mineirão,Belo Horizonte,Argentina,Iran,1,0,False,57698,2,0,,https://en.wikipedia.org/wiki/2014_FIFA_World_Cup_Group_F,1,,None documented (played in Belo Horizonte)
2014,28.0,Group G,2014-06-21,16:00,Estádio Castelão,Fortaleza,Germany,Ghana,2,2,False,59621,1,0,,https://en.wikipedia.org/wiki/2014_FIFA_World_Cup_Group_G,4,,None documented (played in Fortaleza)
2014,29.0,Group F,2014-06-21,18:00,Arena Pantanal,Cuiabá,Nigeria,Bosnia and Herzegovina,1,0,False,40499,2,0,,https://en.wikipedia.org/wiki/2014_FIFA_World_Cup_Group_F,1,,None documented (played in Cuiaba)
2014,30.0,Group H,2014-06-22,13:00,Estádio do Maracanã,Rio de Janeiro,Belgium,Russia,1,0,False,73819,3,0,,https://en.wikipedia.org/wiki/2014_FIFA_World_Cup_Group_H,1,,"None documented (played at Maracana, Rio)"
2014,31.0,Group H,2014-06-22,16:00,Estádio Beira-Rio,Porto Alegre,South Korea,Algeria,2,4,False,42732,3,0,,https://en.wikipedia.org/wiki/2014_FIFA_World_Cup_Group_H,6,,None documented (played in hot/humid Porto Alegre)
2014,32.0,Group G,2014-06-22,18:00,Arena da Amazônia,Manaus,United States,Portugal,2,2,False,40123,1,0,,https://en.wikipedia.org/wiki/2014_FIFA_World_Cup_Group_G,4,,"UNOFFICIAL WATER BREAK: at ~39' during an injury stoppage in extreme heat and humidity at Arena da Amazonia, Manaus (not a formal FIFA cooling break)"
2014,33.0,Group B,2014-06-23,13:00,Arena Corinthians (Arena de São Paulo),São Paulo,Netherlands,Chile,2,0,False,62996,2,0,,https://en.wikipedia.org/wiki/2014_FIFA_World_Cup_Group_B,2,,None documented (played in Sao Paulo)
2014,34.0,Group B,2014-06-23,13:00,Arena da Baixada (Estádio Joaquim Américo Guimarães),Curitiba,Australia,Spain,0,3,False,39375,3,0,,https://en.wikipedia.org/wiki/2014_FIFA_World_Cup_Group_B,3,,None documented (played in Curitiba)
2014,35.0,Group A,2014-06-23,17:00,Estádio Nacional Mané Garrincha,Brasília,Cameroon,Brazil,1,4,False,69112,3,0,,https://en.wikipedia.org/wiki/2014_FIFA_World_Cup_Group_A,5,,None documented
2014,36.0,Group A,2014-06-23,17:00,Arena Pernambuco (Itaipava Arena Pernambuco),Recife,Croatia,Mexico,1,3,False,41212,4,1,,https://en.wikipedia.org/wiki/2014_FIFA_World_Cup_Group_A,4,,"None documented; straight red Ante Rebic (Croatia, 89')"
2014,37.0,Group D,2014-06-24,13:00,Arena das Dunas,Natal,Italy,Uruguay,0,1,False,39706,3,1,,https://en.wikipedia.org/wiki/2014_FIFA_World_Cup_Group_D,1,,"Played in Natal; Luis Suarez (Uruguay) bit Giorgio Chiellini (later banned); red card Claudio Marchisio (Italy, 59')"
2014,38.0,Group D,2014-06-24,13:00,Estádio Mineirão,Belo Horizonte,Costa Rica,England,0,0,False,57823,2,0,,https://en.wikipedia.org/wiki/2014_FIFA_World_Cup_Group_D,0,,None documented (played in Belo Horizonte)
2014,39.0,Group C,2014-06-24,16:00,Arena Pantanal,Cuiabá,Japan,Colombia,1,4,False,40340,2,0,,https://en.wikipedia.org/wiki/2014_FIFA_World_Cup_Group_C,5,,None documented (played in Cuiaba)
2014,40.0,Group C,2014-06-24,17:00,Estádio Castelão,Fortaleza,Greece,Ivory Coast,2,1,False,59095,5,0,,https://en.wikipedia.org/wiki/2014_FIFA_World_Cup_Group_C,3,,None documented (played in Fortaleza)
2014,41.0,Group F,2014-06-25,13:00,Estádio Beira-Rio,Porto Alegre,Nigeria,Argentina,2,3,False,43285,2,0,,https://en.wikipedia.org/wiki/2014_FIFA_World_Cup_Group_F,5,,None documented (played in Porto Alegre)
2014,42.0,Group F,2014-06-25,13:00,Arena Fonte Nova (Itaipava Arena Fonte Nova),Salvador,Bosnia and Herzegovina,Iran,3,1,False,48011,2,0,,https://en.wikipedia.org/wiki/2014_FIFA_World_Cup_Group_F,4,,None documented (played in Salvador)
2014,43.0,Group E,2014-06-25,16:00,Arena da Amazônia,Manaus,Honduras,Switzerland,0,3,False,40322,1,0,,https://en.wikipedia.org/wiki/2014_FIFA_World_Cup_Group_E,3,,"None documented (played in Manaus, hot/humid, evening)"
2014,44.0,Group E,2014-06-25,17:00,Estádio do Maracanã,Rio de Janeiro,Ecuador,France,0,0,False,73749,2,1,,https://en.wikipedia.org/wiki/2014_FIFA_World_Cup_Group_E,0,,"None documented; straight red Antonio Valencia (Ecuador, 50', foul on Digne). Played in Rio de Janeiro"
2014,45.0,Group G,2014-06-26,13:00,Arena Pernambuco (Itaipava Arena Pernambuco),Recife,United States,Germany,0,1,False,41876,3,0,,https://en.wikipedia.org/wiki/2014_FIFA_World_Cup_Group_G,1,,Played in heavy rain in Recife; no heat break
2014,46.0,Group G,2014-06-26,13:00,Estádio Nacional Mané Garrincha,Brasília,Portugal,Ghana,2,1,False,67540,3,0,,https://en.wikipedia.org/wiki/2014_FIFA_World_Cup_Group_G,3,,None documented (played in Brasilia)
2014,47.0,Group H,2014-06-26,17:00,Arena Corinthians (Arena de São Paulo),São Paulo,South Korea,Belgium,0,1,False,61397,2,1,,https://en.wikipedia.org/wiki/2014_FIFA_World_Cup_Group_H,1,,"None documented; red card Steven Defour (Belgium, 45'). Played in Sao Paulo"
2014,48.0,Group H,2014-06-26,17:00,Arena da Baixada (Estádio Joaquim Américo Guimarães),Curitiba,Algeria,Russia,1,1,False,39311,6,0,,https://en.wikipedia.org/wiki/2014_FIFA_World_Cup_Group_H,2,,Played in Curitiba; Russia complained a laser pointer was shone at GK Akinfeev during Algeria's equaliser (FIFA later fined Russia)
2014,49.0,Round of 16,2014-06-28,13:00,Estádio Mineirão,Belo Horizonte,Brazil,Chile,1,1,True,57714,6,0,,https://en.wikipedia.org/wiki/2014_FIFA_World_Cup_knockout_stage,2,,Went to extra time; Brazil won 3-2 on penalties. Played in Belo Horizonte. No cooling break recorded
2014,50.0,Round of 16,2014-06-28,17:00,Estádio do Maracanã,Rio de Janeiro,Colombia,Uruguay,2,0,False,73804,2,0,,https://en.wikipedia.org/wiki/2014_FIFA_World_Cup_knockout_stage,2,,"None documented (played at Maracana, Rio)"
2014,51.0,Round of 16,2014-06-29,13:00,Estádio Castelão,Fortaleza,Netherlands,Mexico,2,1,False,58817,3,0,,https://en.wikipedia.org/wiki/2014_FIFA_World_Cup_knockout_stage,3,,"FIRST OFFICIAL FIFA COOLING BREAK in World Cup history: referee Pedro Proenca stopped play (around 32' and again ~75') due to extreme heat (~32-39C) and humidity at Estadio Castelao, Fortaleza"
2014,52.0,Round of 16,2014-06-29,17:00,Arena Pernambuco (Itaipava Arena Pernambuco),Recife,Costa Rica,Greece,1,1,True,41242,7,1,,https://en.wikipedia.org/wiki/2014_FIFA_World_Cup_knockout_stage,2,,"Went to extra time; Costa Rica won 5-3 on penalties. Red card Oscar Duarte (Costa Rica, 66', two yellows). Played in Recife"
2014,53.0,Round of 16,2014-06-30,13:00,Estádio Nacional Mané Garrincha,Brasília,France,Nigeria,2,0,False,67882,1,0,,https://en.wikipedia.org/wiki/2014_FIFA_World_Cup_knockout_stage,2,,None documented (played in Brasilia)
2014,54.0,Round of 16,2014-06-30,17:00,Estádio Beira-Rio,Porto Alegre,Germany,Algeria,2,1,True,43063,2,0,,https://en.wikipedia.org/wiki/2014_FIFA_World_Cup_knockout_stage,3,,Went to extra time (2-1 aet). Played in Porto Alegre. No cooling break recorded
2014,55.0,Round of 16,2014-07-01,13:00,Arena Corinthians (Arena de São Paulo),São Paulo,Argentina,Switzerland,1,0,True,63255,5,0,,https://en.wikipedia.org/wiki/2014_FIFA_World_Cup_knockout_stage,1,,Di Maria winner in extra time (1-0 aet). Played in Sao Paulo. No cooling break recorded
2014,56.0,Round of 16,2014-07-01,17:00,Arena Fonte Nova (Itaipava Arena Fonte Nova),Salvador,Belgium,United States,2,1,True,51227,2,0,,https://en.wikipedia.org/wiki/2014_FIFA_World_Cup_knockout_stage,3,,Went to extra time (2-1 aet). Played in Salvador. No cooling break recorded
2014,57.0,Quarter-final,2014-07-04,13:00,Estádio do Maracanã,Rio de Janeiro,France,Germany,0,1,False,74240,2,0,,https://en.wikipedia.org/wiki/2014_FIFA_World_Cup_knockout_stage,1,,"None documented (played at Maracana, Rio)"
2014,58.0,Quarter-final,2014-07-04,17:00,Estádio Castelão,Fortaleza,Brazil,Colombia,2,1,False,60342,4,0,,https://en.wikipedia.org/wiki/2014_FIFA_World_Cup_knockout_stage,3,,"Neymar (Brazil) suffered a fractured vertebra after a knee from Juan Camilo Zuniga (88'), ruling him out of the rest of the tournament. Played in hot Fortaleza"
2014,59.0,Quarter-final,2014-07-05,13:00,Estádio Nacional Mané Garrincha,Brasília,Argentina,Belgium,1,0,False,68551,3,0,,https://en.wikipedia.org/wiki/2014_FIFA_World_Cup_knockout_stage,1,,None documented (played in Brasilia)
2014,60.0,Quarter-final,2014-07-05,17:00,Arena Fonte Nova (Itaipava Arena Fonte Nova),Salvador,Netherlands,Costa Rica,0,0,True,51179,6,0,,https://en.wikipedia.org/wiki/2014_FIFA_World_Cup_knockout_stage,0,,Goalless after extra time; Netherlands won 4-3 on penalties (Tim Krul brought on for shootout). Played in Salvador
2014,61.0,Semi-final,2014-07-08,17:00,Estádio Mineirão,Belo Horizonte,Brazil,Germany,1,7,False,58141,1,0,25.0,https://en.wikipedia.org/wiki/2014_FIFA_World_Cup_knockout_stage,8,6.0,The 'Mineirazo'; Brazil missing suspended captain Thiago Silva (yellow-card accumulation) and injured Neymar. Played in Belo Horizonte. Fouls Brazil 11 / Germany 14
2014,62.0,Semi-final,2014-07-09,17:00,Arena Corinthians (Arena de São Paulo),São Paulo,Netherlands,Argentina,0,0,True,63267,3,0,,https://en.wikipedia.org/wiki/2014_FIFA_World_Cup_knockout_stage,0,,Goalless after extra time; Argentina won 4-2 on penalties. Played in Sao Paulo
2014,63.0,Third place,2014-07-12,17:00,Estádio Nacional Mané Garrincha,Brasília,Brazil,Netherlands,0,3,False,68034,5,0,,https://en.wikipedia.org/wiki/2014_FIFA_World_Cup_knockout_stage,3,,None documented (played in Brasilia)
2014,64.0,Final,2014-07-13,16:00,Estádio do Maracanã,Rio de Janeiro,Germany,Argentina,1,0,True,74738,4,0,36.0,https://en.wikipedia.org/wiki/2014_FIFA_World_Cup_final,1,6.0,"Mario Goetze scored the winner in extra time (1-0 aet). Played at the Maracana, Rio. Fouls Germany 20 / Argentina 16. No cooling break recorded"
2018,1.0,Group A,2018-06-14,18:00,Luzhniki Stadium,Moscow,Russia,Saudi Arabia,5,0,False,78011,2,0,,https://en.wikipedia.org/wiki/2018_FIFA_World_Cup_Group_A,5,,Alan Dzagoev (Russia) substituted off with a hamstring injury in the 24th minute
2018,2.0,Group A,2018-06-15,17:00,Yekaterinburg Arena,Yekaterinburg,Egypt,Uruguay,0,1,False,27015,2,0,,https://en.wikipedia.org/wiki/2018_FIFA_World_Cup_Group_A,1,,
2018,3.0,Group B,2018-06-15,18:00,Saint Petersburg Stadium,Saint Petersburg,Morocco,Iran,0,1,False,62548,4,0,,https://en.wikipedia.org/wiki/2018_FIFA_World_Cup_Group_B,1,,
2018,4.0,Group B,2018-06-15,21:00,Fisht Olympic Stadium,Sochi,Portugal,Spain,3,3,False,43866,2,0,,https://en.wikipedia.org/wiki/2018_FIFA_World_Cup_Group_B,6,,
2018,5.0,Group C,2018-06-16,13:00,Kazan Arena,Kazan,France,Australia,2,1,False,41279,4,0,,https://en.wikipedia.org/wiki/2018_FIFA_World_Cup_Group_C,3,,First World Cup penalty awarded via VAR (Griezmann)
2018,6.0,Group D,2018-06-16,16:00,Otkritie Arena,Moscow,Argentina,Iceland,1,1,False,44190,0,0,,https://en.wikipedia.org/wiki/2018_FIFA_World_Cup_Group_D,2,,Messi missed a penalty
2018,7.0,Group C,2018-06-16,19:00,Mordovia Arena,Saransk,Peru,Denmark,0,1,False,40502,3,0,,https://en.wikipedia.org/wiki/2018_FIFA_World_Cup_Group_C,1,,
2018,8.0,Group D,2018-06-16,21:00,Kaliningrad Stadium,Kaliningrad,Croatia,Nigeria,2,0,False,31136,3,0,,https://en.wikipedia.org/wiki/2018_FIFA_World_Cup_Group_D,2,,
2018,9.0,Group E,2018-06-17,16:00,Samara Arena,Samara,Costa Rica,Serbia,0,1,False,41432,4,0,,https://en.wikipedia.org/wiki/2018_FIFA_World_Cup_Group_E,1,,
2018,10.0,Group F,2018-06-17,18:00,Luzhniki Stadium,Moscow,Germany,Mexico,0,1,False,78011,4,0,,https://en.wikipedia.org/wiki/2018_FIFA_World_Cup_Group_F,1,,
2018,11.0,Group E,2018-06-17,21:00,Rostov Arena,Rostov-on-Don,Brazil,Switzerland,1,1,False,43109,4,0,,https://en.wikipedia.org/wiki/2018_FIFA_World_Cup_Group_E,2,,
2018,12.0,Group F,2018-06-18,15:00,Nizhny Novgorod Stadium,Nizhny Novgorod,Sweden,South Korea,1,0,False,42300,3,0,,https://en.wikipedia.org/wiki/2018_FIFA_World_Cup_Group_F,1,,
2018,13.0,Group G,2018-06-18,18:00,Fisht Olympic Stadium,Sochi,Belgium,Panama,3,0,False,43257,8,0,,https://en.wikipedia.org/wiki/2018_FIFA_World_Cup_Group_G,3,,
2018,14.0,Group G,2018-06-18,21:00,Volgograd Arena,Volgograd,Tunisia,England,1,2,False,41064,1,0,,https://en.wikipedia.org/wiki/2018_FIFA_World_Cup_Group_G,3,,Played in Volgograd; Kane scored a stoppage-time winner
2018,15.0,Group H,2018-06-19,15:00,Mordovia Arena,Saransk,Colombia,Japan,1,2,False,40842,3,1,,https://en.wikipedia.org/wiki/2018_FIFA_World_Cup_Group_H,3,,Carlos Sanchez (Colombia) shown a straight red for a deliberate handball in the 3rd minute
2018,16.0,Group H,2018-06-19,18:00,Otkritie Arena,Moscow,Poland,Senegal,1,2,False,44190,3,0,,https://en.wikipedia.org/wiki/2018_FIFA_World_Cup_Group_H,3,,
2018,17.0,Group A,2018-06-19,21:00,Saint Petersburg Stadium,Saint Petersburg,Russia,Egypt,3,1,False,64468,2,0,,https://en.wikipedia.org/wiki/2018_FIFA_World_Cup_Group_A,4,,
2018,18.0,Group B,2018-06-20,15:00,Luzhniki Stadium,Moscow,Portugal,Morocco,1,0,False,78011,2,0,,https://en.wikipedia.org/wiki/2018_FIFA_World_Cup_Group_B,1,,
2018,19.0,Group A,2018-06-20,18:00,Rostov Arena,Rostov-on-Don,Uruguay,Saudi Arabia,1,0,False,42678,0,0,,https://en.wikipedia.org/wiki/2018_FIFA_World_Cup_Group_A,1,,Played in hot conditions at the Rostov Arena
2018,20.0,Group B,2018-06-20,21:00,Kazan Arena,Kazan,Iran,Spain,0,1,False,42718,2,0,,https://en.wikipedia.org/wiki/2018_FIFA_World_Cup_Group_B,1,,
2018,21.0,Group C,2018-06-21,16:00,Samara Arena,Samara,Denmark,Australia,1,1,False,40727,2,0,,https://en.wikipedia.org/wiki/2018_FIFA_World_Cup_Group_C,2,,
2018,22.0,Group C,2018-06-21,20:00,Yekaterinburg Arena,Yekaterinburg,France,Peru,1,0,False,32789,4,0,,https://en.wikipedia.org/wiki/2018_FIFA_World_Cup_Group_C,1,,
2018,23.0,Group D,2018-06-21,21:00,Nizhny Novgorod Stadium,Nizhny Novgorod,Argentina,Croatia,0,3,False,43319,7,0,,https://en.wikipedia.org/wiki/2018_FIFA_World_Cup_Group_D,3,,
2018,24.0,Group E,2018-06-22,15:00,Saint Petersburg Stadium,Saint Petersburg,Brazil,Costa Rica,2,0,False,64468,3,0,,https://en.wikipedia.org/wiki/2018_FIFA_World_Cup_Group_E,2,,
2018,25.0,Group D,2018-06-22,18:00,Volgograd Arena,Volgograd,Nigeria,Iceland,2,0,False,40904,1,0,,https://en.wikipedia.org/wiki/2018_FIFA_World_Cup_Group_D,2,,
2018,26.0,Group E,2018-06-22,20:00,Kaliningrad Stadium,Kaliningrad,Serbia,Switzerland,1,2,False,33167,5,0,,https://en.wikipedia.org/wiki/2018_FIFA_World_Cup_Group_E,3,,
2018,27.0,Group G,2018-06-23,15:00,Otkritie Arena,Moscow,Belgium,Tunisia,5,2,False,44190,1,0,,https://en.wikipedia.org/wiki/2018_FIFA_World_Cup_Group_G,7,,
2018,28.0,Group F,2018-06-23,18:00,Rostov Arena,Rostov-on-Don,South Korea,Mexico,1,2,False,43472,4,0,,https://en.wikipedia.org/wiki/2018_FIFA_World_Cup_Group_F,3,,
2018,29.0,Group F,2018-06-23,21:00,Fisht Olympic Stadium,Sochi,Germany,Sweden,2,1,False,44287,2,1,,https://en.wikipedia.org/wiki/2018_FIFA_World_Cup_Group_F,3,,Jerome Boateng (Germany) sent off for a second yellow in the 82nd minute; Kroos scored a stoppage-time winner
2018,30.0,Group G,2018-06-24,15:00,Nizhny Novgorod Stadium,Nizhny Novgorod,England,Panama,6,1,False,43319,4,0,,https://en.wikipedia.org/wiki/2018_FIFA_World_Cup_Group_G,7,,Kane hat-trick; Panama scored their first-ever World Cup goal
2018,31.0,Group H,2018-06-24,20:00,Yekaterinburg Arena,Yekaterinburg,Japan,Senegal,2,2,False,32572,5,0,,https://en.wikipedia.org/wiki/2018_FIFA_World_Cup_Group_H,4,,
2018,32.0,Group H,2018-06-24,21:00,Kazan Arena,Kazan,Poland,Colombia,0,3,False,42873,2,0,,https://en.wikipedia.org/wiki/2018_FIFA_World_Cup_Group_H,3,,Abel Aguilar (Colombia) taken off on a stretcher in the 32nd minute
2018,33.0,Group A,2018-06-25,17:00,Volgograd Arena,Volgograd,Saudi Arabia,Egypt,2,1,False,36823,2,0,,https://en.wikipedia.org/wiki/2018_FIFA_World_Cup_Group_A,3,,"Essam El Hadary (Egypt), age 45, became the oldest player in World Cup history"
2018,34.0,Group A,2018-06-25,18:00,Samara Arena,Samara,Uruguay,Russia,3,0,False,41970,2,1,,https://en.wikipedia.org/wiki/2018_FIFA_World_Cup_Group_A,3,,Igor Smolnikov (Russia) sent off for a second yellow in the 36th minute
2018,35.0,Group B,2018-06-25,21:00,Mordovia Arena,Saransk,Iran,Portugal,1,1,False,41685,6,0,,https://en.wikipedia.org/wiki/2018_FIFA_World_Cup_Group_B,2,,
2018,36.0,Group B,2018-06-25,20:00,Kaliningrad Stadium,Kaliningrad,Spain,Morocco,2,2,False,33973,6,0,,https://en.wikipedia.org/wiki/2018_FIFA_World_Cup_Group_B,4,,
2018,37.0,Group C,2018-06-26,17:00,Luzhniki Stadium,Moscow,Denmark,France,0,0,False,78011,1,0,,https://en.wikipedia.org/wiki/2018_FIFA_World_Cup_Group_C,0,,Only goalless draw of the tournament
2018,38.0,Group C,2018-06-26,17:00,Fisht Olympic Stadium,Sochi,Australia,Peru,0,2,False,44073,6,0,,https://en.wikipedia.org/wiki/2018_FIFA_World_Cup_Group_C,2,,
2018,39.0,Group D,2018-06-26,21:00,Saint Petersburg Stadium,Saint Petersburg,Nigeria,Argentina,1,2,False,64468,5,0,,https://en.wikipedia.org/wiki/2018_FIFA_World_Cup_Group_D,3,,
2018,40.0,Group D,2018-06-26,21:00,Rostov Arena,Rostov-on-Don,Iceland,Croatia,1,2,False,43472,5,0,,https://en.wikipedia.org/wiki/2018_FIFA_World_Cup_Group_D,3,,
2018,41.0,Group F,2018-06-27,17:00,Kazan Arena,Kazan,South Korea,Germany,2,0,False,41835,4,0,,https://en.wikipedia.org/wiki/2018_FIFA_World_Cup_Group_F,2,,Defending champions Germany eliminated
2018,42.0,Group F,2018-06-27,19:00,Yekaterinburg Arena,Yekaterinburg,Mexico,Sweden,0,3,False,33061,5,0,,https://en.wikipedia.org/wiki/2018_FIFA_World_Cup_Group_F,3,,"Jesus Gallardo (Mexico) booked after 15 seconds, the fastest yellow card in World Cup history"
2018,43.0,Group E,2018-06-27,21:00,Otkritie Arena,Moscow,Serbia,Brazil,0,2,False,44190,3,0,,https://en.wikipedia.org/wiki/2018_FIFA_World_Cup_Group_E,2,,
2018,44.0,Group E,2018-06-27,21:00,Nizhny Novgorod Stadium,Nizhny Novgorod,Switzerland,Costa Rica,2,2,False,43319,6,0,,https://en.wikipedia.org/wiki/2018_FIFA_World_Cup_Group_E,4,,
2018,45.0,Group H,2018-06-28,17:00,Volgograd Arena,Volgograd,Japan,Poland,0,1,False,42189,1,0,,https://en.wikipedia.org/wiki/2018_FIFA_World_Cup_Group_H,1,,
2018,46.0,Group H,2018-06-28,18:00,Samara Arena,Samara,Senegal,Colombia,0,1,False,41970,2,0,,https://en.wikipedia.org/wiki/2018_FIFA_World_Cup_Group_H,1,,Senegal eliminated on the fair-play (fewer yellow cards) tiebreaker
2018,47.0,Group G,2018-06-28,20:00,Kaliningrad Stadium,Kaliningrad,England,Belgium,0,1,False,33973,2,0,,https://en.wikipedia.org/wiki/2018_FIFA_World_Cup_Group_G,1,,
2018,48.0,Group G,2018-06-28,21:00,Mordovia Arena,Saransk,Panama,Tunisia,1,2,False,37168,6,0,,https://en.wikipedia.org/wiki/2018_FIFA_World_Cup_Group_G,3,,
2018,49.0,Round of 16,2018-06-30,17:00,Kazan Arena,Kazan,France,Argentina,4,3,False,42873,8,0,,https://en.wikipedia.org/wiki/2018_FIFA_World_Cup_knockout_stage,7,,
2018,50.0,Round of 16,2018-06-30,21:00,Fisht Olympic Stadium,Sochi,Uruguay,Portugal,2,1,False,44287,1,0,,https://en.wikipedia.org/wiki/2018_FIFA_World_Cup_knockout_stage,3,,
2018,51.0,Round of 16,2018-07-01,17:00,Luzhniki Stadium,Moscow,Spain,Russia,1,1,True,78011,3,0,,https://en.wikipedia.org/wiki/2018_FIFA_World_Cup_knockout_stage,2,,1-1 after extra time; Russia advanced 4-3 on penalties
2018,52.0,Round of 16,2018-07-01,21:00,Nizhny Novgorod Stadium,Nizhny Novgorod,Croatia,Denmark,1,1,True,40851,1,0,,https://en.wikipedia.org/wiki/2018_FIFA_World_Cup_knockout_stage,2,,1-1 after extra time; Croatia advanced 3-2 on penalties
2018,53.0,Round of 16,2018-07-02,18:00,Samara Arena,Samara,Brazil,Mexico,2,0,False,41970,6,0,,https://en.wikipedia.org/wiki/2018_FIFA_World_Cup_knockout_stage,2,,
2018,54.0,Round of 16,2018-07-02,21:00,Rostov Arena,Rostov-on-Don,Belgium,Japan,3,2,False,41466,1,0,,https://en.wikipedia.org/wiki/2018_FIFA_World_Cup_knockout_stage,5,,Belgium came back from 2-0 down; Chadli scored in the 94th minute
2018,55.0,Round of 16,2018-07-03,17:00,Saint Petersburg Stadium,Saint Petersburg,Sweden,Switzerland,1,0,False,64042,3,1,,https://en.wikipedia.org/wiki/2018_FIFA_World_Cup_knockout_stage,1,,Michael Lang (Switzerland) shown a straight red in stoppage time
2018,56.0,Round of 16,2018-07-03,21:00,Otkritie Arena,Moscow,Colombia,England,1,1,True,44190,8,0,,https://en.wikipedia.org/wiki/2018_FIFA_World_Cup_knockout_stage,2,,1-1 after extra time; England advanced 4-3 on penalties; ill-tempered match
2018,57.0,Quarter-final,2018-07-06,17:00,Nizhny Novgorod Stadium,Nizhny Novgorod,Uruguay,France,0,2,False,43319,4,0,,https://en.wikipedia.org/wiki/2018_FIFA_World_Cup_knockout_stage,2,,
2018,58.0,Quarter-final,2018-07-06,21:00,Kazan Arena,Kazan,Brazil,Belgium,1,2,False,42873,4,0,,https://en.wikipedia.org/wiki/2018_FIFA_World_Cup_knockout_stage,3,,
2018,59.0,Quarter-final,2018-07-07,18:00,Samara Arena,Samara,Sweden,England,0,2,False,39991,3,0,,https://en.wikipedia.org/wiki/2018_FIFA_World_Cup_knockout_stage,2,,
2018,60.0,Quarter-final,2018-07-07,21:00,Fisht Olympic Stadium,Sochi,Russia,Croatia,2,2,True,44287,5,0,,https://en.wikipedia.org/wiki/2018_FIFA_World_Cup_knockout_stage,4,,2-2 after extra time; Croatia advanced 4-3 on penalties
2018,61.0,Semi-final,2018-07-10,21:00,Saint Petersburg Stadium,Saint Petersburg,France,Belgium,1,0,False,64286,5,0,,https://en.wikipedia.org/wiki/2018_FIFA_World_Cup_knockout_stage,1,,
2018,62.0,Semi-final,2018-07-11,21:00,Luzhniki Stadium,Moscow,Croatia,England,2,1,True,78011,3,0,,https://en.wikipedia.org/wiki/2018_FIFA_World_Cup_knockout_stage,3,,2-1 after extra time
2018,63.0,Third place,2018-07-14,17:00,Saint Petersburg Stadium,Saint Petersburg,Belgium,England,2,0,False,64406,3,0,,https://en.wikipedia.org/wiki/2018_FIFA_World_Cup_knockout_stage,2,,
2018,64.0,Final,2018-07-15,18:00,Luzhniki Stadium,Moscow,France,Croatia,4,2,False,78011,3,0,,https://en.wikipedia.org/wiki/2018_FIFA_World_Cup_final,6,,Kickoff conditions ~27C and 51% humidity; a thunderstorm with visible lightning occurred around the trophy ceremony
2022,,Group A,2022-11-20,19:00,Al Bayt Stadium,Al Khor,Qatar,Ecuador,0,2,False,67372,6,0,,https://en.wikipedia.org/wiki/2022_FIFA_World_Cup_Group_A,2,,
2022,,Group A,2022-11-21,19:00,Al Thumama Stadium,Doha,Senegal,Netherlands,0,2,False,41721,3,0,,https://en.wikipedia.org/wiki/2022_FIFA_World_Cup_Group_A,2,,
2022,,Group A,2022-11-25,16:00,Al Thumama Stadium,Doha,Qatar,Senegal,1,3,False,41797,6,0,,https://en.wikipedia.org/wiki/2022_FIFA_World_Cup_Group_A,4,,
2022,,Group A,2022-11-25,19:00,Khalifa International Stadium,Al Rayyan,Netherlands,Ecuador,1,1,False,44833,1,0,,https://en.wikipedia.org/wiki/2022_FIFA_World_Cup_Group_A,2,,
2022,,Group A,2022-11-29,18:00,Khalifa International Stadium,Al Rayyan,Ecuador,Senegal,1,2,False,44569,1,0,,https://en.wikipedia.org/wiki/2022_FIFA_World_Cup_Group_A,3,,
2022,,Group A,2022-11-29,18:00,Al Bayt Stadium,Al Khor,Netherlands,Qatar,2,0,False,66784,1,0,,https://en.wikipedia.org/wiki/2022_FIFA_World_Cup_Group_A,2,,
2022,,Group B,2022-11-21,16:00,Khalifa International Stadium,Al Rayyan,England,Iran,6,2,False,45334,2,0,,https://en.wikipedia.org/wiki/2022_FIFA_World_Cup_Group_B,8,,Iran GK Alireza Beiranvand suffered a head collision/concussion in the first half and was substituted; ~14 min first-half stoppage and record-long stoppage time overall
2022,,Group B,2022-11-21,22:00,Ahmad bin Ali Stadium,Al Rayyan,United States,Wales,1,1,False,43418,6,0,,https://en.wikipedia.org/wiki/2022_FIFA_World_Cup_Group_B,2,,
2022,,Group B,2022-11-25,13:00,Ahmad bin Ali Stadium,Al Rayyan,Wales,Iran,0,2,False,40875,3,1,,https://en.wikipedia.org/wiki/2022_FIFA_World_Cup_Group_B,2,,"Wales GK Wayne Hennessey shown a straight red (86'), his yellow upgraded to red after VAR review"
2022,,Group B,2022-11-25,22:00,Al Bayt Stadium,Al Khor,England,United States,0,0,False,68463,0,0,,https://en.wikipedia.org/wiki/2022_FIFA_World_Cup_Group_B,0,,
2022,,Group B,2022-11-29,22:00,Ahmad bin Ali Stadium,Al Rayyan,Wales,England,0,3,False,44297,2,0,,https://en.wikipedia.org/wiki/2022_FIFA_World_Cup_Group_B,3,,Wales' Neco Williams removed with suspected concussion after a 24' head injury
2022,,Group B,2022-11-29,22:00,Al Thumama Stadium,Doha,Iran,United States,0,1,False,42127,4,0,,https://en.wikipedia.org/wiki/2022_FIFA_World_Cup_Group_B,1,,USA's Christian Pulisic injured (pelvic/abdominal) colliding with GK Beiranvand while scoring the winner
2022,,Group C,2022-11-22,13:00,Lusail Stadium,Lusail,Argentina,Saudi Arabia,1,2,False,88012,6,0,,https://en.wikipedia.org/wiki/2022_FIFA_World_Cup_Group_C,3,,~14 min of stoppage time; Saudi Arabia's Yasser Al-Shahrani stretchered off with a jaw/facial injury after colliding with his own goalkeeper
2022,,Group C,2022-11-22,19:00,Stadium 974,Doha,Mexico,Poland,0,0,False,39369,4,0,,https://en.wikipedia.org/wiki/2022_FIFA_World_Cup_Group_C,0,,Yellow total includes one Mexico coaching-staff caution (Jorge Theiler)
2022,,Group C,2022-11-26,16:00,Education City Stadium,Al Rayyan,Poland,Saudi Arabia,2,0,False,44259,6,0,,https://en.wikipedia.org/wiki/2022_FIFA_World_Cup_Group_C,2,,Yellow total includes one Saudi Arabia coaching-staff caution (Laurent Bonadei)
2022,,Group C,2022-11-26,22:00,Lusail Stadium,Lusail,Argentina,Mexico,2,0,False,88966,5,0,,https://en.wikipedia.org/wiki/2022_FIFA_World_Cup_Group_C,2,,
2022,,Group C,2022-11-30,22:00,Stadium 974,Doha,Poland,Argentina,0,2,False,44089,2,0,,https://en.wikipedia.org/wiki/2022_FIFA_World_Cup_Group_C,2,,
2022,,Group C,2022-11-30,22:00,Lusail Stadium,Lusail,Saudi Arabia,Mexico,1,2,False,84985,7,0,,https://en.wikipedia.org/wiki/2022_FIFA_World_Cup_Group_C,3,,
2022,,Group D,2022-11-22,16:00,Education City Stadium,Al Rayyan,Denmark,Tunisia,0,0,False,42925,3,0,,https://en.wikipedia.org/wiki/2022_FIFA_World_Cup_Group_D,0,,
2022,,Group D,2022-11-22,22:00,Al Janoub Stadium,Al Wakrah,France,Australia,4,1,False,40875,3,0,,https://en.wikipedia.org/wiki/2022_FIFA_World_Cup_Group_D,5,,France's Lucas Hernandez suffered a tournament-ending torn ACL after ~13 minutes
2022,,Group D,2022-11-26,13:00,Al Janoub Stadium,Al Wakrah,Tunisia,Australia,0,1,False,41823,3,0,,https://en.wikipedia.org/wiki/2022_FIFA_World_Cup_Group_D,1,,
2022,,Group D,2022-11-26,19:00,Stadium 974,Doha,France,Denmark,2,1,False,42860,3,0,,https://en.wikipedia.org/wiki/2022_FIFA_World_Cup_Group_D,3,,
2022,,Group D,2022-11-30,18:00,Al Janoub Stadium,Al Wakrah,Australia,Denmark,1,0,False,41232,3,0,,https://en.wikipedia.org/wiki/2022_FIFA_World_Cup_Group_D,1,,
2022,,Group D,2022-11-30,18:00,Education City Stadium,Al Rayyan,Tunisia,France,1,0,False,43627,1,0,,https://en.wikipedia.org/wiki/2022_FIFA_World_Cup_Group_D,1,,France fielded a heavily rotated side; a late Griezmann equaliser was ruled out by VAR for offside
2022,,Group E,2022-11-23,16:00,Khalifa International Stadium,Al Rayyan,Germany,Japan,1,2,False,42608,0,0,,https://en.wikipedia.org/wiki/2022_FIFA_World_Cup_Group_E,3,,
2022,,Group E,2022-11-23,19:00,Al Thumama Stadium,Doha,Spain,Costa Rica,7,0,False,40013,2,0,,https://en.wikipedia.org/wiki/2022_FIFA_World_Cup_Group_E,7,,
2022,,Group E,2022-11-27,13:00,Ahmad bin Ali Stadium,Al Rayyan,Japan,Costa Rica,0,1,False,41479,6,0,,https://en.wikipedia.org/wiki/2022_FIFA_World_Cup_Group_E,1,,
2022,,Group E,2022-11-27,22:00,Al Bayt Stadium,Al Khor,Spain,Germany,1,1,False,68895,4,0,,https://en.wikipedia.org/wiki/2022_FIFA_World_Cup_Group_E,2,,
2022,,Group E,2022-12-01,22:00,Khalifa International Stadium,Al Rayyan,Japan,Spain,2,1,False,44851,3,0,,https://en.wikipedia.org/wiki/2022_FIFA_World_Cup_Group_E,3,,Japan's second goal awarded after VAR judged the ball had not fully crossed the goal line
2022,,Group E,2022-12-01,22:00,Al Bayt Stadium,Al Khor,Costa Rica,Germany,2,4,False,67054,1,0,,https://en.wikipedia.org/wiki/2022_FIFA_World_Cup_Group_E,6,,
2022,,Group F,2022-11-23,13:00,Al Bayt Stadium,Al Khor,Morocco,Croatia,0,0,False,59407,1,0,,https://en.wikipedia.org/wiki/2022_FIFA_World_Cup_Group_F,0,,
2022,,Group F,2022-11-23,22:00,Ahmad bin Ali Stadium,Al Rayyan,Belgium,Canada,1,0,False,40432,5,0,,https://en.wikipedia.org/wiki/2022_FIFA_World_Cup_Group_F,1,,Canada's Alphonso Davies had a first-half penalty saved by Courtois
2022,,Group F,2022-11-27,16:00,Al Thumama Stadium,Doha,Belgium,Morocco,0,2,False,43738,2,0,,https://en.wikipedia.org/wiki/2022_FIFA_World_Cup_Group_F,2,,
2022,,Group F,2022-11-27,19:00,Khalifa International Stadium,Al Rayyan,Croatia,Canada,4,1,False,44374,4,0,,https://en.wikipedia.org/wiki/2022_FIFA_World_Cup_Group_F,5,,
2022,,Group F,2022-12-01,18:00,Ahmad bin Ali Stadium,Al Rayyan,Croatia,Belgium,0,0,False,43984,1,0,,https://en.wikipedia.org/wiki/2022_FIFA_World_Cup_Group_F,0,,
2022,,Group F,2022-12-01,18:00,Al Thumama Stadium,Doha,Canada,Morocco,1,2,False,43102,4,0,,https://en.wikipedia.org/wiki/2022_FIFA_World_Cup_Group_F,3,,
2022,,Group G,2022-11-24,13:00,Al Janoub Stadium,Al Wakrah,Switzerland,Cameroon,1,0,False,39089,3,0,,https://en.wikipedia.org/wiki/2022_FIFA_World_Cup_Group_G,1,,
2022,,Group G,2022-11-24,22:00,Lusail Stadium,Lusail,Brazil,Serbia,2,0,False,88103,3,0,,https://en.wikipedia.org/wiki/2022_FIFA_World_Cup_Group_G,2,,Brazil's Neymar sustained an ankle injury and missed the next two group games
2022,,Group G,2022-11-28,13:00,Al Janoub Stadium,Al Wakrah,Cameroon,Serbia,3,3,False,39789,4,0,,https://en.wikipedia.org/wiki/2022_FIFA_World_Cup_Group_G,6,,
2022,,Group G,2022-11-28,19:00,Stadium 974,Doha,Brazil,Switzerland,1,0,False,43649,2,0,,https://en.wikipedia.org/wiki/2022_FIFA_World_Cup_Group_G,1,,
2022,,Group G,2022-12-02,22:00,Stadium 974,Doha,Serbia,Switzerland,2,3,False,41378,11,0,,https://en.wikipedia.org/wiki/2022_FIFA_World_Cup_Group_G,5,,"Highly heated match (11 yellows, most in the group stage); repeated Serbia-Switzerland confrontations rooted in Kosovo/Albania political tensions"
2022,,Group G,2022-12-02,22:00,Lusail Stadium,Lusail,Cameroon,Brazil,1,0,False,85986,7,1,,https://en.wikipedia.org/wiki/2022_FIFA_World_Cup_Group_G,1,,"Cameroon's Vincent Aboubakar sent off (second yellow, 90+3') for removing his shirt while celebrating the winning goal"
2022,,Group H,2022-11-24,16:00,Education City Stadium,Al Rayyan,Uruguay,South Korea,0,0,False,41663,3,0,,https://en.wikipedia.org/wiki/2022_FIFA_World_Cup_Group_H,0,,
2022,,Group H,2022-11-24,19:00,Stadium 974,Doha,Portugal,Ghana,3,2,False,42662,6,0,,https://en.wikipedia.org/wiki/2022_FIFA_World_Cup_Group_H,5,,
2022,,Group H,2022-11-28,16:00,Education City Stadium,Al Rayyan,South Korea,Ghana,2,3,False,43983,4,0,,https://en.wikipedia.org/wiki/2022_FIFA_World_Cup_Group_H,5,,"South Korea manager Paulo Bento sent off (straight red, 90+12') after full time; not counted in red_cards as it was a coaching-staff dismissal, not a player"
2022,,Group H,2022-11-28,22:00,Lusail Stadium,Lusail,Portugal,Uruguay,2,0,False,88668,5,0,,https://en.wikipedia.org/wiki/2022_FIFA_World_Cup_Group_H,2,,
2022,,Group H,2022-12-02,18:00,Al Janoub Stadium,Al Wakrah,Ghana,Uruguay,0,2,False,43443,7,0,,https://en.wikipedia.org/wiki/2022_FIFA_World_Cup_Group_H,2,,Ill-tempered match; Uruguay's Luis Suarez a lightning rod given 2010 history with Ghana
2022,,Group H,2022-12-02,18:00,Education City Stadium,Al Rayyan,South Korea,Portugal,2,1,False,44097,2,0,,https://en.wikipedia.org/wiki/2022_FIFA_World_Cup_Group_H,3,,
2022,,Round of 16,2022-12-03,18:00,Khalifa International Stadium,Al Rayyan,Netherlands,United States,3,1,False,44846,2,0,,https://en.wikipedia.org/wiki/2022_FIFA_World_Cup_knockout_stage,4,,
2022,,Round of 16,2022-12-03,22:00,Ahmad bin Ali Stadium,Al Rayyan,Argentina,Australia,2,1,False,45032,2,0,,https://en.wikipedia.org/wiki/2022_FIFA_World_Cup_knockout_stage,3,,Messi's 1000th career appearance
2022,,Round of 16,2022-12-04,18:00,Al Thumama Stadium,Doha,France,Poland,3,1,False,40989,3,0,,https://en.wikipedia.org/wiki/2022_FIFA_World_Cup_knockout_stage,4,,
2022,,Round of 16,2022-12-04,22:00,Al Bayt Stadium,Al Khor,England,Senegal,3,0,False,65985,1,0,,https://en.wikipedia.org/wiki/2022_FIFA_World_Cup_knockout_stage,3,,
2022,,Round of 16,2022-12-05,18:00,Al Janoub Stadium,Al Wakrah,Japan,Croatia,1,1,True,42523,2,0,,https://en.wikipedia.org/wiki/2022_FIFA_World_Cup_knockout_stage,2,,1-1 after extra time; Croatia won 3-1 on penalties (Livakovic saved 3)
2022,,Round of 16,2022-12-05,22:00,Stadium 974,Doha,Brazil,South Korea,4,1,False,43847,1,0,,https://en.wikipedia.org/wiki/2022_FIFA_World_Cup_knockout_stage,5,,
2022,,Round of 16,2022-12-06,18:00,Education City Stadium,Al Rayyan,Morocco,Spain,0,0,True,44667,2,0,,https://en.wikipedia.org/wiki/2022_FIFA_World_Cup_knockout_stage,0,,0-0 after extra time; Morocco won 3-0 on penalties
2022,,Round of 16,2022-12-06,22:00,Lusail Stadium,Lusail,Portugal,Switzerland,6,1,False,83720,2,0,,https://en.wikipedia.org/wiki/2022_FIFA_World_Cup_knockout_stage,7,,Goncalo Ramos hat-trick starting ahead of Ronaldo
2022,,Quarter-final,2022-12-09,18:00,Education City Stadium,Al Rayyan,Croatia,Brazil,1,1,True,43893,5,0,,https://en.wikipedia.org/wiki/2022_FIFA_World_Cup_knockout_stage,2,,"1-1 after extra time (Neymar 105+1', Petkovic 117'); Croatia won 4-2 on penalties"
2022,,Quarter-final,2022-12-09,22:00,Lusail Stadium,Lusail,Netherlands,Argentina,2,2,True,88235,18,1,,https://en.wikipedia.org/wiki/Battle_of_Lusail,4,,'Battle of Lusail': referee Antonio Mateu Lahoz issued a FIFA-tournament-record 18 yellow cards (incl. 2 Argentina staff) plus 1 red; Denzel Dumfries sent off for a second yellow after the shootout. 2-2 after extra time; Argentina won 4-3 on penalties. Record for most yellows in a single World Cup match
2022,,Quarter-final,2022-12-10,18:00,Al Thumama Stadium,Doha,Morocco,Portugal,1,0,False,44198,4,1,,https://en.wikipedia.org/wiki/2022_FIFA_World_Cup_knockout_stage,1,,"Morocco's Walid Cheddira sent off (second yellow, 90+3'); Morocco became the first African/Arab nation to reach a World Cup semi-final"
2022,,Quarter-final,2022-12-10,22:00,Al Bayt Stadium,Al Khor,England,France,1,2,False,68895,4,0,,https://en.wikipedia.org/wiki/2022_FIFA_World_Cup_knockout_stage,3,,Harry Kane missed a second-half penalty for England
2022,,Semi-final,2022-12-13,22:00,Lusail Stadium,Lusail,Argentina,Croatia,3,0,False,88966,4,0,,https://en.wikipedia.org/wiki/2022_FIFA_World_Cup_knockout_stage,3,,"Croatia assistant coach Mario Mandzukic sent off (straight red, 35'); not counted in red_cards as it was a coaching-staff dismissal, not a player"
2022,,Semi-final,2022-12-14,22:00,Al Bayt Stadium,Al Khor,France,Morocco,2,0,False,68294,1,0,,https://en.wikipedia.org/wiki/2022_FIFA_World_Cup_knockout_stage,2,,
2022,,Third place,2022-12-17,18:00,Khalifa International Stadium,Al Rayyan,Croatia,Morocco,2,1,False,44137,2,0,,https://en.wikipedia.org/wiki/2022_FIFA_World_Cup_knockout_stage,3,,
2022,,Final,2022-12-18,18:00,Lusail Stadium,Lusail,Argentina,France,3,3,True,88966,8,0,,https://en.wikipedia.org/wiki/2022_FIFA_World_Cup_final,6,,"3-3 after extra time (Messi 2, Mbappe hat-trick); Argentina won 4-2 on penalties at Lusail Stadium. Argentina GK Emiliano Martinez cautioned during the shootout"
