year,host,stadium,city,country,lat,lon,timezone,utc_offset_during_cup,elevation_m,capacity,still_exists,source_url
1950,Brazil,Estádio do Maracanã,Rio de Janeiro,Brazil,-22.912167,-43.230164,America/Sao_Paulo,UTC-3,10.0,200000,True,https://en.wikipedia.org/wiki/Maracan%C3%A3_Stadium
1950,Brazil,Estádio do Pacaembu,São Paulo,Brazil,-23.548639,-46.665111,America/Sao_Paulo,UTC-3,756.0,60000,True,https://en.wikipedia.org/wiki/Pacaembu_Stadium
1950,Brazil,Estádio Independência,Belo Horizonte,Brazil,-19.90833,-43.91778,America/Sao_Paulo,UTC-3,838.0,30000,True,https://en.wikipedia.org/wiki/Arena_Independ%C3%AAncia
1950,Brazil,Estádio dos Eucaliptos,Porto Alegre,Brazil,-30.06167,-51.22722,America/Sao_Paulo,UTC-3,9.0,20000,False,https://en.wikipedia.org/wiki/Est%C3%A1dio_dos_Eucaliptos
1950,Brazil,Estádio Durival de Britto (Vila Capanema),Curitiba,Brazil,-25.43944,-49.25583,America/Sao_Paulo,UTC-3,888.0,10000,True,https://en.wikipedia.org/wiki/Est%C3%A1dio_Durival_de_Britto
1950,Brazil,Estádio Ilha do Retiro,Recife,Brazil,-8.06278,-34.90278,America/Recife,UTC-3,8.0,20000,True,https://en.wikipedia.org/wiki/Est%C3%A1dio_Ilha_do_Retiro
1954,Switzerland,Wankdorf Stadium,Bern,Switzerland,46.96278,7.465,Europe/Zurich,UTC+1,558.0,64600,False,https://en.wikipedia.org/wiki/Wankdorf_Stadium
1954,Switzerland,St. Jakob Stadium,Basel,Switzerland,47.54139,7.62,Europe/Zurich,UTC+1,256.0,54800,False,https://en.wikipedia.org/wiki/St._Jakob_Stadium
1954,Switzerland,Stade Olympique de la Pontaise,Lausanne,Switzerland,46.53333,6.62417,Europe/Zurich,UTC+1,598.0,50300,True,https://en.wikipedia.org/wiki/Stade_olympique_de_la_Pontaise
1954,Switzerland,Stade des Charmilles,Geneva,Switzerland,46.2091,6.1182,Europe/Zurich,UTC+1,415.0,35997,False,https://en.wikipedia.org/wiki/Stade_des_Charmilles
1954,Switzerland,Stadio di Cornaredo,Lugano,Switzerland,46.02361,8.96167,Europe/Zurich,UTC+1,295.0,35800,True,https://en.wikipedia.org/wiki/Stadio_di_Cornaredo
1954,Switzerland,Hardturm,Zurich,Switzerland,47.39306,8.50472,Europe/Zurich,UTC+1,400.0,34800,False,https://en.wikipedia.org/wiki/Hardturm
1958,Sweden,Råsunda Stadium,Solna (Stockholm area),Sweden,59.36278,17.99639,Europe/Stockholm,UTC+1,15.0,50000,False,https://en.wikipedia.org/wiki/R%C3%A5sunda_Stadium
1958,Sweden,Ullevi,Gothenburg,Sweden,57.70583,11.98722,Europe/Stockholm,UTC+1,5.0,53000,True,https://en.wikipedia.org/wiki/Ullevi
1958,Sweden,Malmö Stadion,Malmö,Sweden,55.58611,12.98917,Europe/Stockholm,UTC+1,8.0,31000,False,https://en.wikipedia.org/wiki/Malm%C3%B6_Stadion
1958,Sweden,Olympia,Helsingborg,Sweden,56.04944,12.70694,Europe/Stockholm,UTC+1,18.0,27000,True,https://en.wikipedia.org/wiki/Olympia_(Helsingborg)
1958,Sweden,Idrottsparken,Norrköping,Sweden,58.58444,16.17306,Europe/Stockholm,UTC+1,12.0,20000,True,https://en.wikipedia.org/wiki/Idrottsparken_(Norrk%C3%B6ping)
1958,Sweden,Tunavallen,Eskilstuna,Sweden,59.37056,16.495,Europe/Stockholm,UTC+1,15.0,22000,True,https://en.wikipedia.org/wiki/Tunavallen
1958,Sweden,Jernvallen,Sandviken,Sweden,60.60889,16.77306,Europe/Stockholm,UTC+1,55.0,20000,True,https://en.wikipedia.org/wiki/Jernvallen
1958,Sweden,Rimnersvallen,Uddevalla,Sweden,58.35667,11.95,Europe/Stockholm,UTC+1,25.0,18000,True,https://en.wikipedia.org/wiki/Rimnersvallen
1958,Sweden,Ryavallen,Borås,Sweden,57.735724,12.934921,Europe/Stockholm,UTC+1,135.0,22000,True,https://en.wikipedia.org/wiki/Ryavallen
1958,Sweden,Örjans Vall,Halmstad,Sweden,56.68417,12.86639,Europe/Stockholm,UTC+1,6.0,15000,True,https://en.wikipedia.org/wiki/%C3%96rjans_Vall
1958,Sweden,Eyravallen,Örebro,Sweden,59.26611,15.22306,Europe/Stockholm,UTC+1,25.0,14000,True,https://en.wikipedia.org/wiki/Eyravallen
1958,Sweden,Arosvallen,Västerås,Sweden,59.62056,16.54111,Europe/Stockholm,UTC+1,12.0,13000,True,https://en.wikipedia.org/wiki/Arosvallen
1962,Chile,Estadio Nacional Julio Martinez Pradanos,Santiago,Chile,-33.46444,-70.61056,America/Santiago,UTC-4,570.0,66660,True,https://en.wikipedia.org/wiki/Estadio_Nacional_Julio_Mart%C3%ADnez_Pr%C3%A1danos
1962,Chile,Estadio Sausalito,Vina del Mar,Chile,-33.01444,-71.535,America/Santiago,UTC-4,2.0,18037,True,https://en.wikipedia.org/wiki/Estadio_Sausalito
1962,Chile,Estadio El Teniente (1962: Estadio Braden Copper Co.),Rancagua,Chile,-34.17778,-70.7375,America/Santiago,UTC-4,572.0,18000,True,https://en.wikipedia.org/wiki/Estadio_El_Teniente
1962,Chile,Estadio Carlos Dittborn,Arica,Chile,-18.4875,-70.29917,America/Santiago,UTC-4,2.0,17786,True,https://en.wikipedia.org/wiki/Estadio_Carlos_Dittborn
1966,England,Wembley Stadium,London,England,51.55556,-0.27972,Europe/London,UTC+1,47.0,98600,False,https://en.wikipedia.org/wiki/Wembley_Stadium_(1923)
1966,England,White City Stadium,London,England,51.5136,-0.2274,Europe/London,UTC+1,9.0,76567,False,https://en.wikipedia.org/wiki/White_City_Stadium
1966,England,Old Trafford,Manchester,England,53.463056,-2.291389,Europe/London,UTC+1,18.0,58000,True,https://en.wikipedia.org/wiki/Old_Trafford
1966,England,Villa Park,Birmingham,England,52.509167,-1.884722,Europe/London,UTC+1,101.0,52000,True,https://en.wikipedia.org/wiki/Villa_Park
1966,England,Goodison Park,Liverpool,England,53.438889,-2.966389,Europe/London,UTC+1,46.0,50151,True,https://en.wikipedia.org/wiki/Goodison_Park
1966,England,Hillsborough Stadium,Sheffield,England,53.411389,-1.50056,Europe/London,UTC+1,69.0,42730,True,https://en.wikipedia.org/wiki/Hillsborough_Stadium
1966,England,Roker Park,Sunderland,England,54.9213,-1.375481,Europe/London,UTC+1,25.0,40310,False,https://en.wikipedia.org/wiki/Roker_Park
1966,England,Ayresome Park,Middlesbrough,England,54.56417,-1.24694,Europe/London,UTC+1,9.0,40000,False,https://en.wikipedia.org/wiki/Ayresome_Park
1970,Mexico,Estadio Azteca,Mexico City,Mexico,19.30306,-99.15056,America/Mexico_City,UTC-6,2200.0,107247,True,https://en.wikipedia.org/wiki/Estadio_Azteca
1970,Mexico,Estadio Jalisco,Guadalajara,Mexico,20.705,-103.32806,America/Mexico_City,UTC-6,1566.0,71100,True,https://en.wikipedia.org/wiki/Estadio_Jalisco
1970,Mexico,Estadio Nou Camp (Estadio León),León,Mexico,21.11556,-101.65778,America/Mexico_City,UTC-6,1815.0,23609,True,https://en.wikipedia.org/wiki/Estadio_Le%C3%B3n
1970,Mexico,Estadio Luis Dosal (now Estadio Nemesio Díez),Toluca,Mexico,19.28722,-99.66667,America/Mexico_City,UTC-6,2660.0,26900,True,https://en.wikipedia.org/wiki/Estadio_Nemesio_D%C3%ADez
1970,Mexico,Estadio Cuauhtémoc,Puebla,Mexico,19.07806,-98.16444,America/Mexico_City,UTC-6,2135.0,35563,True,https://en.wikipedia.org/wiki/Estadio_Cuauht%C3%A9moc
1974,West Germany,Olympiastadion,West Berlin,West Germany,52.514722,13.239444,Europe/Berlin,UTC+1,45.0,86000,True,https://en.wikipedia.org/wiki/Olympiastadion_(Berlin)
1974,West Germany,Olympiastadion,Munich,West Germany,48.17306,11.54667,Europe/Berlin,UTC+1,520.0,77573,True,https://en.wikipedia.org/wiki/Olympiastadion_(Munich)
1974,West Germany,Neckarstadion,Stuttgart,West Germany,48.79222,9.23194,Europe/Berlin,UTC+1,215.0,72200,True,https://en.wikipedia.org/wiki/Mercedes-Benz_Arena_(Stuttgart)
1974,West Germany,Parkstadion,Gelsenkirchen,West Germany,51.55917,7.06667,Europe/Berlin,UTC+1,50.0,72000,False,https://en.wikipedia.org/wiki/Parkstadion
1974,West Germany,Rheinstadion,Düsseldorf,West Germany,51.26028,6.73417,Europe/Berlin,UTC+1,38.0,70100,False,https://en.wikipedia.org/wiki/Rheinstadion
1974,West Germany,Waldstadion,Frankfurt,West Germany,50.068056,8.645806,Europe/Berlin,UTC+1,100.0,62200,True,https://en.wikipedia.org/wiki/Deutsche_Bank_Park
1974,West Germany,Volksparkstadion,Hamburg,West Germany,53.58722,9.89861,Europe/Berlin,UTC+1,27.0,61300,True,https://en.wikipedia.org/wiki/Volksparkstadion
1974,West Germany,Niedersachsenstadion,Hanover,West Germany,52.36,9.73111,Europe/Berlin,UTC+1,53.0,60400,True,https://en.wikipedia.org/wiki/Niedersachsenstadion
1974,West Germany,Westfalenstadion,Dortmund,West Germany,51.4925,7.45167,Europe/Berlin,UTC+1,86.0,53600,True,https://en.wikipedia.org/wiki/Westfalenstadion
1978,Argentina,Estadio Monumental,Buenos Aires,Argentina,-34.54528,-58.44972,America/Argentina/Buenos_Aires,UTC-3,15.0,74624,True,https://en.wikipedia.org/wiki/Estadio_Monumental_(Buenos_Aires)
1978,Argentina,Estadio Jose Amalfitani,Buenos Aires,Argentina,-34.635375,-58.520711,America/Argentina/Buenos_Aires,UTC-3,31.0,49318,True,https://en.wikipedia.org/wiki/Estadio_Jos%C3%A9_Amalfitani
1978,Argentina,Estadio Mario Alberto Kempes,Cordoba,Argentina,-31.368956,-64.246244,America/Argentina/Cordoba,UTC-3,425.0,46986,True,https://en.wikipedia.org/wiki/Estadio_Mario_Alberto_Kempes
1978,Argentina,Estadio Jose Maria Minella,Mar del Plata,Argentina,-38.017944,-57.582333,America/Argentina/Buenos_Aires,UTC-3,30.0,43542,True,https://en.wikipedia.org/wiki/Estadio_Jos%C3%A9_Mar%C3%ADa_Minella
1978,Argentina,Estadio Gigante de Arroyito,Rosario,Argentina,-32.913997,-60.674567,America/Argentina/Cordoba,UTC-3,21.0,45645,True,https://en.wikipedia.org/wiki/Estadio_Gigante_de_Arroyito
1978,Argentina,Estadio Malvinas Argentinas,Mendoza,Argentina,-32.88972,-68.88,America/Argentina/Mendoza,UTC-3,848.0,34954,True,https://en.wikipedia.org/wiki/Estadio_Malvinas_Argentinas
1982,Spain,Camp Nou,Barcelona,Spain,41.3809,2.1228,Europe/Madrid,UTC+2,30.0,121401,True,https://en.wikipedia.org/wiki/Camp_Nou
1982,Spain,Santiago Bernabéu,Madrid,Spain,40.45306,-3.68835,Europe/Madrid,UTC+2,700.0,90089,True,https://en.wikipedia.org/wiki/Santiago_Bernab%C3%A9u_Stadium
1982,Spain,Estadio Ramón Sánchez Pizjuán,Seville,Spain,37.384,-5.9705,Europe/Madrid,UTC+2,10.0,68110,True,https://en.wikipedia.org/wiki/Ram%C3%B3n_S%C3%A1nchez_Pizju%C3%A1n_Stadium
1982,Spain,Vicente Calderón,Madrid,Spain,40.40172,-3.72061,Europe/Madrid,UTC+2,590.0,65695,False,https://en.wikipedia.org/wiki/Vicente_Calder%C3%B3n_Stadium
1982,Spain,Estadio Benito Villamarín,Seville,Spain,37.35639,-5.98139,Europe/Madrid,UTC+2,8.0,50253,True,https://en.wikipedia.org/wiki/Estadio_Benito_Villamar%C3%ADn
1982,Spain,Nuevo Estadio (now Estadio Martínez Valero),Elche,Spain,38.26694,-0.66333,Europe/Madrid,UTC+2,85.0,53290,True,https://en.wikipedia.org/wiki/Estadio_Mart%C3%ADnez_Valero
1982,Spain,Estadio Luis Casanova (Mestalla),Valencia,Spain,39.47472,-0.35833,Europe/Madrid,UTC+2,13.0,49562,True,https://en.wikipedia.org/wiki/Mestalla_Stadium
1982,Spain,San Mamés (1913),Bilbao,Spain,43.26351,-2.94839,Europe/Madrid,UTC+2,10.0,46223,False,https://en.wikipedia.org/wiki/San_Mam%C3%A9s_Stadium_(1913)
1982,Spain,El Molinón,Gijón,Spain,43.53611,-5.63722,Europe/Madrid,UTC+2,5.0,45153,True,https://en.wikipedia.org/wiki/El_Molin%C3%B3n
1982,Spain,La Rosaleda,Málaga,Spain,36.73417,-4.42667,Europe/Madrid,UTC+2,15.0,45000,True,https://en.wikipedia.org/wiki/La_Rosaleda_Stadium
1982,Spain,La Romareda,Zaragoza,Spain,41.63667,-0.90194,Europe/Madrid,UTC+2,205.0,41806,False,https://en.wikipedia.org/wiki/La_Romareda
1982,Spain,Estadi de Sarrià,Barcelona,Spain,41.39306,2.13333,Europe/Madrid,UTC+2,85.0,40400,False,https://en.wikipedia.org/wiki/Estadi_de_Sarri%C3%A0
1982,Spain,Estadio de Riazor,A Coruña,Spain,43.3687,-8.4175,Europe/Madrid,UTC+2,5.0,34190,True,https://en.wikipedia.org/wiki/Estadio_de_Riazor
1982,Spain,Balaídos,Vigo,Spain,42.2118,-8.7397,Europe/Madrid,UTC+2,15.0,33000,True,https://en.wikipedia.org/wiki/Bala%C3%ADdos
1982,Spain,Estadio José Rico Pérez,Alicante,Spain,38.35722,-0.4925,Europe/Madrid,UTC+2,40.0,32500,True,https://en.wikipedia.org/wiki/Estadio_Jos%C3%A9_Rico_P%C3%A9rez
1982,Spain,Estadio José Zorrilla,Valladolid,Spain,41.64444,-4.76111,Europe/Madrid,UTC+2,690.0,30043,True,https://en.wikipedia.org/wiki/Estadio_Jos%C3%A9_Zorrilla
1982,Spain,Estadio Carlos Tartiere (1932),Oviedo,Spain,43.35791,-5.86082,Europe/Madrid,UTC+2,220.0,22284,False,https://en.wikipedia.org/wiki/Estadio_Carlos_Tartiere_(1932)
1986,Mexico,Estadio Azteca,Mexico City,Mexico,19.30306,-99.15056,America/Mexico_City,UTC-6,2200.0,114600,True,https://en.wikipedia.org/wiki/Estadio_Azteca
1986,Mexico,Estadio Olímpico Universitario,Mexico City,Mexico,19.33194,-99.19222,America/Mexico_City,UTC-6,2292.0,72212,True,https://en.wikipedia.org/wiki/Estadio_Ol%C3%ADmpico_Universitario
1986,Mexico,Estadio Jalisco,Guadalajara,Mexico,20.705,-103.32806,America/Mexico_City,UTC-6,1566.0,66193,True,https://en.wikipedia.org/wiki/Estadio_Jalisco
1986,Mexico,Estadio Cuauhtémoc,Puebla,Mexico,19.07806,-98.16444,America/Mexico_City,UTC-6,2135.0,46416,True,https://en.wikipedia.org/wiki/Estadio_Cuauht%C3%A9moc
1986,Mexico,Estadio Universitario,San Nicolás de los Garza (Monterrey),Mexico,25.723,-100.312,America/Monterrey,UTC-6,500.0,43780,True,https://en.wikipedia.org/wiki/Estadio_Universitario_(UANL)
1986,Mexico,Estadio La Corregidora,Querétaro,Mexico,20.57778,-100.36639,America/Mexico_City,UTC-6,1820.0,38576,True,https://en.wikipedia.org/wiki/Estadio_Corregidora
1986,Mexico,Estadio Neza 86,Nezahualcóyotl,Mexico,19.40583,-98.98694,America/Mexico_City,UTC-6,2220.0,34536,True,https://en.wikipedia.org/wiki/Estadio_Neza_86
1986,Mexico,Estadio Tecnológico,Monterrey,Mexico,25.6522,-100.2864,America/Monterrey,UTC-6,544.0,33805,False,https://en.wikipedia.org/wiki/Estadio_Tecnol%C3%B3gico
1986,Mexico,Estadio Nemesio Díez (Estadio Toluca 70–86),Toluca,Mexico,19.28722,-99.66667,America/Mexico_City,UTC-6,2660.0,32612,True,https://en.wikipedia.org/wiki/Estadio_Nemesio_D%C3%ADez
1986,Mexico,Estadio Sergio León Chávez,Irapuato,Mexico,20.6845,-101.3563,America/Mexico_City,UTC-6,1725.0,31336,True,https://en.wikipedia.org/wiki/Estadio_Sergio_Le%C3%B3n_Ch%C3%A1vez
1986,Mexico,Estadio Nou Camp (Estadio León),León,Mexico,21.11556,-101.65778,America/Mexico_City,UTC-6,1815.0,30531,True,https://en.wikipedia.org/wiki/Estadio_Le%C3%B3n
1986,Mexico,Estadio Tres de Marzo,Zapopan,Mexico,20.69389,-103.41611,America/Mexico_City,UTC-6,1560.0,30015,True,https://en.wikipedia.org/wiki/Estadio_Tres_de_Marzo
1990,Italy,San Siro (Stadio Giuseppe Meazza),Milan,Italy,45.47806,9.12389,Europe/Rome,UTC+2,118.0,74559,True,https://en.wikipedia.org/wiki/San_Siro
1990,Italy,Stadio Olimpico,Rome,Italy,41.93389,12.45472,Europe/Rome,UTC+2,21.0,73603,True,https://en.wikipedia.org/wiki/Stadio_Olimpico
1990,Italy,Stadio delle Alpi,Turin,Italy,45.10956,7.64126,Europe/Rome,UTC+2,270.0,62628,False,https://en.wikipedia.org/wiki/Stadio_delle_Alpi
1990,Italy,Stadio San Paolo (now Stadio Diego Armando Maradona),Naples,Italy,40.828,14.193,Europe/Rome,UTC+2,12.0,59978,True,https://en.wikipedia.org/wiki/Stadio_Diego_Armando_Maradona
1990,Italy,Stadio San Nicola,Bari,Italy,41.08474,16.84007,Europe/Rome,UTC+2,75.0,51426,True,https://en.wikipedia.org/wiki/Stadio_San_Nicola
1990,Italy,Stadio Comunale (now Stadio Artemio Franchi),Florence,Italy,43.78083,11.28222,Europe/Rome,UTC+2,45.0,38971,True,https://en.wikipedia.org/wiki/Stadio_Artemio_Franchi
1990,Italy,Stadio Marc'Antonio Bentegodi,Verona,Italy,45.43528,10.96861,Europe/Rome,UTC+2,57.0,35950,True,https://en.wikipedia.org/wiki/Stadio_Marcantonio_Bentegodi
1990,Italy,Stadio Friuli (now Bluenergy Stadium),Udine,Italy,46.0816,13.2001,Europe/Rome,UTC+2,110.0,35713,True,https://en.wikipedia.org/wiki/Stadio_Friuli
1990,Italy,Stadio Sant'Elia,Cagliari,Italy,39.19939,9.13495,Europe/Rome,UTC+2,5.0,35238,False,https://en.wikipedia.org/wiki/Stadio_Sant%27Elia
1990,Italy,Stadio Renato Dall'Ara,Bologna,Italy,44.49222,11.30972,Europe/Rome,UTC+2,65.0,34520,True,https://en.wikipedia.org/wiki/Stadio_Renato_Dall%27Ara
1990,Italy,Stadio La Favorita (now Stadio Renzo Barbera),Palermo,Italy,38.15277,13.34228,Europe/Rome,UTC+2,25.0,33288,True,https://en.wikipedia.org/wiki/Stadio_Renzo_Barbera
1990,Italy,Stadio Luigi Ferraris,Genoa,Italy,44.41639,8.9525,Europe/Rome,UTC+2,20.0,31823,True,https://en.wikipedia.org/wiki/Stadio_Luigi_Ferraris
1994,United States,Rose Bowl,"Pasadena, California",United States,34.161,-118.168,America/Los_Angeles,UTC-7,255.0,94194,True,https://en.wikipedia.org/wiki/Rose_Bowl_(stadium)
1994,United States,Giants Stadium,"East Rutherford, New Jersey",United States,40.81222,-74.07694,America/New_York,UTC-4,2.0,76322,False,https://en.wikipedia.org/wiki/Giants_Stadium
1994,United States,Stanford Stadium,"Stanford, California",United States,37.43444,-122.16111,America/Los_Angeles,UTC-7,18.0,84147,False,https://en.wikipedia.org/wiki/Stanford_Stadium
1994,United States,Pontiac Silverdome,"Pontiac, Michigan",United States,42.64583,-83.255,America/Detroit,UTC-4,300.0,77557,False,https://en.wikipedia.org/wiki/Pontiac_Silverdome
1994,United States,Cotton Bowl,"Dallas, Texas",United States,32.77944,-96.75972,America/Chicago,UTC-5,140.0,64000,True,https://en.wikipedia.org/wiki/Cotton_Bowl_(stadium)
1994,United States,Soldier Field,"Chicago, Illinois",United States,41.8623,-87.6167,America/Chicago,UTC-5,181.0,63160,True,https://en.wikipedia.org/wiki/Soldier_Field
1994,United States,Citrus Bowl,"Orlando, Florida",United States,28.53889,-81.40278,America/New_York,UTC-4,30.0,62387,True,https://en.wikipedia.org/wiki/Camping_World_Stadium
1994,United States,Foxboro Stadium,"Foxborough, Massachusetts",United States,42.09278,-71.2675,America/New_York,UTC-4,65.0,54456,False,https://en.wikipedia.org/wiki/Foxboro_Stadium
1994,United States,Robert F. Kennedy Memorial Stadium (RFK Stadium),"Washington, D.C.",United States,38.89,-76.9719,America/New_York,UTC-4,5.0,53121,False,https://en.wikipedia.org/wiki/RFK_Stadium
1998,France,Stade de France,Saint-Denis (Paris),France,48.9245,2.3602,Europe/Paris,UTC+2,33.0,80000,True,https://en.wikipedia.org/wiki/Stade_de_France
1998,France,Stade Velodrome,Marseille,France,43.26972,5.39583,Europe/Paris,UTC+2,11.0,60000,True,https://en.wikipedia.org/wiki/Stade_V%C3%A9lodrome
1998,France,Parc des Princes,Paris,France,48.84139,2.25306,Europe/Paris,UTC+2,38.0,48875,True,https://en.wikipedia.org/wiki/Parc_des_Princes
1998,France,Stade de Gerland,Lyon,France,45.72389,4.83222,Europe/Paris,UTC+2,168.0,44000,True,https://en.wikipedia.org/wiki/Stade_de_Gerland
1998,France,Stade Felix-Bollaert (now Stade Bollaert-Delelis),Lens,France,50.43278,2.815,Europe/Paris,UTC+2,42.0,41300,True,https://en.wikipedia.org/wiki/Stade_Bollaert-Delelis
1998,France,Stade de la Beaujoire,Nantes,France,47.256,-1.525,Europe/Paris,UTC+2,8.0,39500,True,https://en.wikipedia.org/wiki/Stade_de_la_Beaujoire
1998,France,Stadium Municipal (now Stadium de Toulouse),Toulouse,France,43.58306,1.43417,Europe/Paris,UTC+2,141.0,37000,True,https://en.wikipedia.org/wiki/Stadium_de_Toulouse
1998,France,Stade Geoffroy-Guichard,Saint-Etienne,France,45.46083,4.39028,Europe/Paris,UTC+2,500.0,36000,True,https://en.wikipedia.org/wiki/Stade_Geoffroy-Guichard
1998,France,Parc Lescure (now Stade Chaban-Delmas),Bordeaux,France,44.82917,-0.59778,Europe/Paris,UTC+2,7.0,35200,True,https://en.wikipedia.org/wiki/Stade_Chaban-Delmas
1998,France,Stade de la Mosson,Montpellier,France,43.62222,3.81194,Europe/Paris,UTC+2,45.0,34000,True,https://en.wikipedia.org/wiki/Stade_de_la_Mosson
2002,South Korea and Japan (co-hosts),Seoul World Cup Stadium,Seoul,South Korea,37.568222,126.897361,Asia/Seoul,UTC+9,12.0,63961,True,https://en.wikipedia.org/wiki/Seoul_World_Cup_Stadium
2002,South Korea and Japan (co-hosts),Busan Asiad Main Stadium,Busan,South Korea,35.19,129.058222,Asia/Seoul,UTC+9,20.0,55982,True,https://en.wikipedia.org/wiki/Busan_Asiad_Main_Stadium
2002,South Korea and Japan (co-hosts),Daegu World Cup Stadium,Daegu,South Korea,35.8245,128.6875,Asia/Seoul,UTC+9,40.0,68014,True,https://en.wikipedia.org/wiki/Daegu_World_Cup_Stadium
2002,South Korea and Japan (co-hosts),Incheon Munhak Stadium,Incheon,South Korea,37.435139,126.690806,Asia/Seoul,UTC+9,15.0,52179,True,https://en.wikipedia.org/wiki/Incheon_Munhak_Stadium
2002,South Korea and Japan (co-hosts),Ulsan Munsu Football Stadium,Ulsan,South Korea,35.53528,129.25944,Asia/Seoul,UTC+9,50.0,43550,True,https://en.wikipedia.org/wiki/Ulsan_Munsu_Football_Stadium
2002,South Korea and Japan (co-hosts),Suwon World Cup Stadium,Suwon,South Korea,37.286278,127.036889,Asia/Seoul,UTC+9,35.0,43188,True,https://en.wikipedia.org/wiki/Suwon_World_Cup_Stadium
2002,South Korea and Japan (co-hosts),Gwangju World Cup Stadium,Gwangju,South Korea,35.133667,126.874861,Asia/Seoul,UTC+9,28.0,42880,True,https://en.wikipedia.org/wiki/Gwangju_World_Cup_Stadium
2002,South Korea and Japan (co-hosts),Jeonju World Cup Stadium,Jeonju,South Korea,35.868111,127.064444,Asia/Seoul,UTC+9,25.0,42391,True,https://en.wikipedia.org/wiki/Jeonju_World_Cup_Stadium
2002,South Korea and Japan (co-hosts),Jeju World Cup Stadium,Seogwipo,South Korea,33.246139,126.509206,Asia/Seoul,UTC+9,25.0,42256,True,https://en.wikipedia.org/wiki/Jeju_World_Cup_Stadium
2002,South Korea and Japan (co-hosts),Daejeon World Cup Stadium,Daejeon,South Korea,36.365139,127.325167,Asia/Seoul,UTC+9,55.0,40407,True,https://en.wikipedia.org/wiki/Daejeon_World_Cup_Stadium
2002,South Korea and Japan (co-hosts),International Stadium Yokohama,Yokohama,Japan,35.51004,139.60625,Asia/Tokyo,UTC+9,5.0,72327,True,https://en.wikipedia.org/wiki/Nissan_Stadium_(Yokohama)
2002,South Korea and Japan (co-hosts),Saitama Stadium 2002,Saitama,Japan,35.9031,139.7175,Asia/Tokyo,UTC+9,5.0,63000,True,https://en.wikipedia.org/wiki/Saitama_Stadium_2002
2002,South Korea and Japan (co-hosts),Shizuoka Stadium ECOPA,Fukuroi,Japan,34.74333,137.97056,Asia/Tokyo,UTC+9,70.0,50600,True,https://en.wikipedia.org/wiki/Shizuoka_Stadium
2002,South Korea and Japan (co-hosts),Nagai Stadium,Osaka,Japan,34.614119,135.51845,Asia/Tokyo,UTC+9,10.0,50000,True,https://en.wikipedia.org/wiki/Nagai_Stadium
2002,South Korea and Japan (co-hosts),Miyagi Stadium,Rifu,Japan,38.3354,140.9504,Asia/Tokyo,UTC+9,70.0,49000,True,https://en.wikipedia.org/wiki/Miyagi_Stadium
2002,South Korea and Japan (co-hosts),Ōita Stadium (Big Eye),Ōita,Japan,33.20056,131.6575,Asia/Tokyo,UTC+9,35.0,43000,True,https://en.wikipedia.org/wiki/Oita_Stadium
2002,South Korea and Japan (co-hosts),Niigata Stadium (Big Swan),Niigata,Japan,37.8825,139.05917,Asia/Tokyo,UTC+9,3.0,42300,True,https://en.wikipedia.org/wiki/Denka_Big_Swan_Stadium
2002,South Korea and Japan (co-hosts),Kashima Soccer Stadium,Kashima,Japan,35.9917,140.6405,Asia/Tokyo,UTC+9,5.0,42000,True,https://en.wikipedia.org/wiki/Kashima_Soccer_Stadium
2002,South Korea and Japan (co-hosts),Kobe Wing Stadium,Kobe,Japan,34.65667,135.16889,Asia/Tokyo,UTC+9,5.0,42000,True,https://en.wikipedia.org/wiki/Noevir_Stadium_Kobe
2002,South Korea and Japan (co-hosts),Sapporo Dome,Sapporo,Japan,43.0152,141.4098,Asia/Tokyo,UTC+9,30.0,42000,True,https://en.wikipedia.org/wiki/Sapporo_Dome
2006,Germany,Olympiastadion,Berlin,Germany,52.514722,13.239444,Europe/Berlin,UTC+2,50.0,72000,True,https://en.wikipedia.org/wiki/Olympiastadion_(Berlin)
2006,Germany,Allianz Arena,Munich,Germany,48.218775,11.624753,Europe/Berlin,UTC+2,500.0,66000,True,https://en.wikipedia.org/wiki/Allianz_Arena
2006,Germany,Westfalenstadion (Signal Iduna Park),Dortmund,Germany,51.4925,7.45167,Europe/Berlin,UTC+2,86.0,65000,True,https://en.wikipedia.org/wiki/Westfalenstadion
2006,Germany,Gottlieb-Daimler-Stadion (now MHPArena/Mercedes-Benz Arena),Stuttgart,Germany,48.79222,9.23194,Europe/Berlin,UTC+2,220.0,52000,True,https://en.wikipedia.org/wiki/Mercedes-Benz_Arena_(Stuttgart)
2006,Germany,Veltins-Arena (Arena AufSchalke),Gelsenkirchen,Germany,51.55444,7.0675,Europe/Berlin,UTC+2,54.0,52000,True,https://en.wikipedia.org/wiki/Veltins-Arena
2006,Germany,Volksparkstadion (AOL Arena),Hamburg,Germany,53.58722,9.89861,Europe/Berlin,UTC+2,25.0,50000,True,https://en.wikipedia.org/wiki/Volksparkstadion
2006,Germany,Commerzbank-Arena (Waldstadion; now Deutsche Bank Park),Frankfurt,Germany,50.068056,8.645806,Europe/Berlin,UTC+2,108.0,48000,True,https://en.wikipedia.org/wiki/Deutsche_Bank_Park
2006,Germany,Fritz-Walter-Stadion,Kaiserslautern,Germany,49.43444,7.77611,Europe/Berlin,UTC+2,285.0,46000,True,https://en.wikipedia.org/wiki/Fritz-Walter-Stadion
2006,Germany,RheinEnergieStadion,Cologne,Germany,50.93361,6.875,Europe/Berlin,UTC+2,50.0,45000,True,https://en.wikipedia.org/wiki/RheinEnergieStadion
2006,Germany,Niedersachsenstadion (AWD-Arena; now Heinz-von-Heiden-Arena),Hanover,Germany,52.36,9.73111,Europe/Berlin,UTC+2,53.0,43000,True,https://en.wikipedia.org/wiki/Niedersachsenstadion
2006,Germany,Zentralstadion (now Red Bull Arena),Leipzig,Germany,51.34583,12.34833,Europe/Berlin,UTC+2,112.0,43000,True,https://en.wikipedia.org/wiki/Red_Bull_Arena_(Leipzig)
2006,Germany,Frankenstadion (now Max-Morlock-Stadion),Nuremberg,Germany,49.42611,11.12583,Europe/Berlin,UTC+2,310.0,41000,True,https://en.wikipedia.org/wiki/Max-Morlock-Stadion
2010,South Africa,Soccer City (FNB Stadium),Johannesburg,South Africa,-26.23472,27.98222,Africa/Johannesburg,UTC+2,1753.0,84490,True,https://en.wikipedia.org/wiki/Soccer_City
2010,South Africa,Ellis Park Stadium,Johannesburg,South Africa,-26.1975,28.06083,Africa/Johannesburg,UTC+2,1750.0,55686,True,https://en.wikipedia.org/wiki/Ellis_Park_Stadium
2010,South Africa,Cape Town Stadium (Green Point),Cape Town,South Africa,-33.90333,18.41111,Africa/Johannesburg,UTC+2,5.0,64100,True,https://en.wikipedia.org/wiki/Cape_Town_Stadium
2010,South Africa,Moses Mabhida Stadium,Durban,South Africa,-29.829,31.0303,Africa/Johannesburg,UTC+2,10.0,62760,True,https://en.wikipedia.org/wiki/Moses_Mabhida_Stadium
2010,South Africa,Loftus Versfeld Stadium,Pretoria,South Africa,-25.75333,28.22278,Africa/Johannesburg,UTC+2,1350.0,42858,True,https://en.wikipedia.org/wiki/Loftus_Versfeld_Stadium
2010,South Africa,Nelson Mandela Bay Stadium,Port Elizabeth,South Africa,-33.93778,25.59889,Africa/Johannesburg,UTC+2,12.0,42486,True,https://en.wikipedia.org/wiki/Nelson_Mandela_Bay_Stadium
2010,South Africa,Royal Bafokeng Stadium,Rustenburg,South Africa,-25.5786,27.1607,Africa/Johannesburg,UTC+2,1250.0,42000,True,https://en.wikipedia.org/wiki/Royal_Bafokeng_Stadium
2010,South Africa,Peter Mokaba Stadium,Polokwane,South Africa,-23.924689,29.468765,Africa/Johannesburg,UTC+2,1310.0,41733,True,https://en.wikipedia.org/wiki/Peter_Mokaba_Stadium
2010,South Africa,Mbombela Stadium,Nelspruit,South Africa,-25.461,30.929,Africa/Johannesburg,UTC+2,679.0,40929,True,https://en.wikipedia.org/wiki/Mbombela_Stadium
2010,South Africa,Free State Stadium,Bloemfontein,South Africa,-29.11722,26.20889,Africa/Johannesburg,UTC+2,1395.0,40911,True,https://en.wikipedia.org/wiki/Free_State_Stadium
2014,Brazil,Estádio do Maracanã,Rio de Janeiro,Brazil,-22.912167,-43.230164,America/Sao_Paulo,UTC-3,9.0,74738,,https://en.wikipedia.org/wiki/Maracan%C3%A3_Stadium
2014,Brazil,Estádio Nacional Mané Garrincha,Brasília,Brazil,-15.783611,-47.899167,America/Sao_Paulo,UTC-3,1100.0,69432,,https://en.wikipedia.org/wiki/Est%C3%A1dio_Nacional_Man%C3%A9_Garrincha
2014,Brazil,Arena Corinthians (Arena de São Paulo),São Paulo,Brazil,-23.545278,-46.474167,America/Sao_Paulo,UTC-3,770.0,63321,,https://en.wikipedia.org/wiki/Neo_Qu%C3%ADmica_Arena
2014,Brazil,Estádio Castelão,Fortaleza,Brazil,-3.807222,-38.5225,America/Fortaleza,UTC-3,20.0,60348,,https://en.wikipedia.org/wiki/Castel%C3%A3o_(Cear%C3%A1)
2014,Brazil,Estádio Mineirão,Belo Horizonte,Brazil,-19.865833,-43.970833,America/Sao_Paulo,UTC-3,800.0,58259,,https://en.wikipedia.org/wiki/Mineir%C3%A3o
2014,Brazil,Arena Fonte Nova (Itaipava Arena Fonte Nova),Salvador,Brazil,-12.978611,-38.504167,America/Bahia,UTC-3,8.0,51708,,https://en.wikipedia.org/wiki/Arena_Fonte_Nova
2014,Brazil,Estádio Beira-Rio,Porto Alegre,Brazil,-30.065556,-51.236111,America/Sao_Paulo,UTC-3,8.0,43394,,https://en.wikipedia.org/wiki/Est%C3%A1dio_Beira-Rio
2014,Brazil,Arena Pernambuco (Itaipava Arena Pernambuco),Recife (São Lourenço da Mata),Brazil,-8.040556,-35.008333,America/Recife,UTC-3,40.0,42583,,https://en.wikipedia.org/wiki/Arena_Pernambuco
2014,Brazil,Arena Pantanal,Cuiabá,Brazil,-15.603889,-56.121667,America/Cuiaba,UTC-4,180.0,41112,,https://pt.wikipedia.org/wiki/Arena_Pantanal
2014,Brazil,Arena da Amazônia,Manaus,Brazil,-3.083056,-60.028056,America/Manaus,UTC-4,40.0,40549,,https://en.wikipedia.org/wiki/Arena_da_Amaz%C3%B4nia
2014,Brazil,Arena das Dunas,Natal,Brazil,-5.8269,-35.2124,America/Fortaleza,UTC-3,40.0,39971,,https://en.wikipedia.org/wiki/Arena_das_Dunas
2014,Brazil,Arena da Baixada (Estádio Joaquim Américo Guimarães),Curitiba,Brazil,-25.448333,-49.276944,America/Sao_Paulo,UTC-3,910.0,39631,,https://en.wikipedia.org/wiki/Arena_da_Baixada
2018,Russia,Luzhniki Stadium,Moscow,Russia,55.71583,37.55361,Europe/Moscow,UTC+3,,78011,,https://en.wikipedia.org/wiki/Luzhniki_Stadium
2018,Russia,Otkritie Arena,Moscow,Russia,55.81786,37.44025,Europe/Moscow,UTC+3,,44190,,https://en.wikipedia.org/wiki/Otkritie_Arena
2018,Russia,Saint Petersburg Stadium,Saint Petersburg,Russia,59.973,30.2205,Europe/Moscow,UTC+3,,64468,,https://en.wikipedia.org/wiki/Krestovsky_Stadium
2018,Russia,Fisht Olympic Stadium,Sochi,Russia,43.40227,39.95611,Europe/Moscow,UTC+3,,44287,,https://en.wikipedia.org/wiki/Fisht_Olympic_Stadium
2018,Russia,Kaliningrad Stadium,Kaliningrad,Russia,54.69806,20.53389,Europe/Kaliningrad,UTC+2,,33973,,https://en.wikipedia.org/wiki/Kaliningrad_Stadium
2018,Russia,Kazan Arena,Kazan,Russia,55.82111,49.16083,Europe/Moscow,UTC+3,,42873,,https://en.wikipedia.org/wiki/Kazan_Arena
2018,Russia,Nizhny Novgorod Stadium,Nizhny Novgorod,Russia,56.3375,43.96333,Europe/Moscow,UTC+3,,43319,,https://en.wikipedia.org/wiki/Nizhny_Novgorod_Stadium
2018,Russia,Samara Arena,Samara,Russia,53.27778,50.23722,Europe/Samara,UTC+4,,41970,,https://en.wikipedia.org/wiki/Samara_Arena
2018,Russia,Mordovia Arena,Saransk,Russia,54.18278,45.20139,Europe/Moscow,UTC+3,,41685,,https://en.wikipedia.org/wiki/Mordovia_Arena
2018,Russia,Rostov Arena,Rostov-on-Don,Russia,47.20944,39.73778,Europe/Moscow,UTC+3,,43472,,https://en.wikipedia.org/wiki/Rostov_Arena
2018,Russia,Volgograd Arena,Volgograd,Russia,48.73444,44.54861,Europe/Volgograd,UTC+3,,43713,,https://en.wikipedia.org/wiki/Volgograd_Arena
2018,Russia,Yekaterinburg Arena,Yekaterinburg,Russia,56.8325,60.57361,Asia/Yekaterinburg,UTC+5,,35696,,https://en.wikipedia.org/wiki/Central_Stadium_(Yekaterinburg)
2022,Qatar,Al Bayt Stadium,Al Khor,Qatar,25.65222,51.48778,Asia/Qatar,UTC+3,4.0,68895,,https://en.wikipedia.org/wiki/Al_Bayt_Stadium
2022,Qatar,Lusail Stadium,Lusail,Qatar,25.42086,51.49039,Asia/Qatar,UTC+3,10.0,88966,,https://en.wikipedia.org/wiki/Lusail_Stadium
2022,Qatar,Ahmad bin Ali Stadium,Al Rayyan,Qatar,25.32964,51.342273,Asia/Qatar,UTC+3,37.0,45032,,https://en.wikipedia.org/wiki/Ahmad_bin_Ali_Stadium
2022,Qatar,Education City Stadium,Al Rayyan,Qatar,25.3108,51.4244,Asia/Qatar,UTC+3,19.0,44667,,https://en.wikipedia.org/wiki/Education_City_Stadium
2022,Qatar,Khalifa International Stadium,Al Rayyan,Qatar,25.26361,51.44806,Asia/Qatar,UTC+3,26.0,45857,,https://en.wikipedia.org/wiki/Khalifa_International_Stadium
2022,Qatar,Al Thumama Stadium,Doha,Qatar,25.235278,51.532182,Asia/Qatar,UTC+3,17.0,44400,,https://en.wikipedia.org/wiki/Al_Thumama_Stadium
2022,Qatar,Stadium 974,Doha,Qatar,25.29,51.565,Asia/Qatar,UTC+3,5.0,44089,,https://en.wikipedia.org/wiki/Stadium_974
2022,Qatar,Al Janoub Stadium,Al Wakrah,Qatar,25.15972,51.57417,Asia/Qatar,UTC+3,15.0,44325,,https://en.wikipedia.org/wiki/Al_Janoub_Stadium
